alpha_0,beta_0,n,m_train,trial,ll_lder,ll_L1,ll_L2,lder_alpha_hat,lder_beta_hat,gap_lder_vs_best
0.5,0.5,10,100,0,-14.09060177702892,-14.144530392375769,-14.430004236576654,0.3246286369665438,0.6229002244986892,0.05392861534684812
0.5,0.5,10,100,1,-14.20122595765662,-14.232916559680529,-14.4843489277774,0.2942718347774999,0.6107587255944381,0.031690602023909165
1.0,0.5,10,100,0,-10.391686462545637,-10.195537371390062,-10.697959195108302,0.9653077037292911,0.520308369074183,-0.19614909115557566
1.0,0.5,10,100,1,-9.90542162042049,-9.820499794634683,-10.28359409917483,0.9782238811484099,0.5435768117400703,-0.08492182578580731
2.0,0.5,10,100,0,-5.327660937714698,-5.709980289987812,-5.327655311237769,2.019449575327575,0.515278663522718,-5.626476928810575e-06
2.0,0.5,10,100,1,-5.3906705670563255,-5.632967384978617,-5.419557442161539,1.688470612051019,0.602537956984013,0.02888687510521315
