dataset,alpha_hat,abs_alpha_hat_minus_1,loglik_gain
news,0.12618020575129218,0.8738197942487078,1.6771642904019899
sushi,0.2515355853228367,0.7484644146771633,0.017822579751266332
